Agency_Name,Website,API_Info,RSS_Feeds
AbilityOne Commission,https://www.abilityone.gov/,,
Access Board,https://www.access-board.gov/,,
Administration for Children and Families (ACF),https://www.acf.hhs.gov/,,
Administration for Community Living (ACL),https://acl.gov/,,
Administration for Native Americans (ANA),https://www.acf.hhs.gov/ana,,
Administrative Conference of the United States (ACUS),https://www.acus.gov/,,
Administrative Office of the U.S. Courts,https://www.uscourts.gov/,,
Advisory Council on Historic Preservation (ACHP),https://www.achp.gov/,,
Africa Command,https://www.africom.mil/,"https://www.africom.mil/api, https://www.africom.mil/developers, https://www.africom.mil/documentation",
African Development Foundation (USADF),https://www.usadf.gov/,,
Agency for Global Media,https://www.usagm.gov/,,
Agency for Healthcare Research and Quality (AHRQ),https://www.ahrq.gov/,,
Agency for International Development (USAID),http://www.usaid.gov/,,
Agency for Toxic Substances and Disease Registry (ATSDR),https://www.atsdr.cdc.gov/,,https://www.cdc.gov/rss
Agricultural Marketing Service (AMS),https://www.ams.usda.gov/,,https://www.usda.gov/about-usda/policies-and-links/digital/rss-feeds
Agricultural Research Service (ARS),https://www.ars.usda.gov/,,
Agriculture Department (USDA),https://www.usda.gov/,"https://www.usda.gov/developers, https://www.usda.gov/api",
Agriculture Library (NAL),https://www.nal.usda.gov/,https://www.ars.usda.gov/docs/quality-of-information/,
Air Force,https://www.af.mil/,,"https://www.af.mil/DesktopModules/ArticleCS/RSS.ashx?ContentType=1&Site=1&Category=22363%2c24081%2c24397%2c22751%2c23106%2c24385%2c22077%2c22518%2c20214&isdashboardselected=0&max=20, https://www.af.mil/DesktopModules/ArticleCS/RSS.ashx?ContentType=1&Site=1&Category=23105%2c16032&isdashboardselected=0&max=20, https://www.af.mil/DesktopModules/ArticleCS/RSS.ashx?ContentType=1&Site=1&Category=14852&isdashboardselected=0&max=20"
Air Force Reserve,https://www.afrc.af.mil/,,
Alcohol and Tobacco Tax and Trade Bureau (TTB),https://www.ttb.gov,,
"Alcohol, Tobacco, Firearms and Explosives Bureau (ATF)",https://www.atf.gov/,"https://www.atf.gov/firearms/docs/open-letter/vermont-november-2024-open-letter-enactment-vermont-statute-13-vsa-%C2%A7-4019a/download, https://www.atf.gov/firearms/docs/open-letter/vermont-november-2024-open-letter-enactment-vermont-statute-13-vsa-%C2%A7-4019a/download",
Alhurra TV,https://www.alhurra.com/,,
American Battle Monuments Commission (ABMC),https://www.abmc.gov/,,
AmeriCorps,https://americorps.gov/,https://www.oge.gov/web/oge.nsf/section_landing_ethics-docs,
AmeriCorps Seniors,https://americorps.gov/serve/americorps-seniors,https://www.oge.gov/web/oge.nsf/section_landing_ethics-docs,
Animal and Plant Health Inspection Service (APHIS),https://www.aphis.usda.gov/aphis/home/,,
Antitrust Division,https://www.justice.gov/atr,,
Appalachian Regional Commission (ARC),https://www.arc.gov/,https://www.arc.gov/access-to-capital-projects/,
Architect of the Capitol,https://www.aoc.gov/,"https://www.aoc.gov/explore-capitol-campus/art, https://www.aoc.gov/explore-capitol-campus/blog, https://www.facebook.com/ArchitectoftheCapitol, https://www.flickr.com/photos/uscapitol, https://www.aoc.gov/explore-capitol-campus/buildings-grounds, https://www.visitthecapitol.gov",
"Archives, National Archives and Records Administration (NARA)",https://www.archives.gov/,https://www.archives.gov/developers,
Arctic Research Commission (USARC),https://www.arctic.gov/,,
Armed Forces Retirement Home (AFRH),http://www.afrh.gov/,,
Arms Control and International Security,https://www.state.gov/bureaus-offices/under-secretary-for-arms-control-and-international-security-affairs/,,
Army,https://www.army.mil/,,
Army Corps of Engineers,http://www.usace.army.mil/,,"https://www.usace.army.mil/DesktopModules/ArticleCS/RSS.ashx?ContentType=9&Site=420&Category=20166&isdashboardselected=0&max=20, https://www.usace.army.mil/Contact/RSS/"
"Arthritis, Musculoskeletal and Skin Diseases, National Institute of (NIAMS)",https://www.niams.nih.gov/,,
Bankruptcy Courts,https://www.uscourts.gov/services-forms/bankruptcy,,
Barry M. Goldwater Scholarship and Excellence in Education Foundation,https://goldwater.scholarsapply.org/,,
Bonneville Power Administration (BPA),https://www.bpa.gov,,
Botanic Garden,http://www.usbg.gov/,,
Bureau of Consular Affairs,http://travel.state.gov/,,
Bureau of Consumer Financial Protection (CFPB),https://www.consumerfinance.gov/,,
Bureau of Economic Analysis (BEA),https://www.bea.gov/,"https://www.bea.gov/developers, https://www.bea.gov/api",
Bureau of Engraving and Printing (BEP),https://www.moneyfactory.gov/,"https://www.moneyfactory.gov/documentation, https://www.moneyfactory.gov/developers, https://www.moneyfactory.gov/api",
Bureau of Indian Affairs (BIA),https://www.bia.gov/,,
Bureau of Industry and Security (BIS),https://www.bis.doc.gov/,"https://www.bis.doc.gov/documentation, https://www.bis.doc.gov/api, https://www.bis.doc.gov/developers",
Bureau of International Labor Affairs (ILAB),https://www.dol.gov/agencies/ilab,,
Bureau of Justice Statistics (BJS),https://www.bjs.gov/,"https://www.bjs.gov/developers, https://www.bjs.gov/api, https://www.bjs.gov/documentation",
Bureau of Labor Statistics (BLS),https://stats.bls.gov/,,
Bureau of Land Management (BLM),https://www.blm.gov/,,
Bureau of Ocean Energy Management (BOEM),https://www.boem.gov/,,
Bureau of Prisons (FBOP),https://www.bop.gov/,,
Bureau of Reclamation,https://www.usbr.gov/,,
Bureau of Safety and Environmental Enforcement (BSEE),https://www.bsee.gov/,,
Bureau of the Census,https://www.census.gov/,"https://www.census.gov/api, https://www.census.gov/developers, https://www.census.gov/developers/",
Bureau of the Fiscal Service,http://www.fiscal.treasury.gov,,https://www.treasurydirect.gov/rss/index.htm
Bureau of Transportation Statistics (BTS),https://www.bts.gov/,,
Capitol Police,https://www.uscp.gov/,"https://www.facebook.com/uscapitolpolice, https://www.visitthecapitol.gov/visit/book-a-tour",
Capitol Visitor Center,http://www.visitthecapitol.gov,"https://www.instagram.com/visitthecapitol, https://www.facebook.com/USCapitol, https://www.youtube.com/user/visitthecapitol",
"Career, Technical, and Adult Education, Office of (OCTAE)",https://www2.ed.gov/about/offices/list/ovae/index.html,,
Center for Food Safety and Applied Nutrition (CFSAN),https://www.fda.gov/about-fda/fda-organization/center-food-safety-and-applied-nutrition-cfsan,,
Center for Nutrition Policy and Promotion (CNPP),https://www.fns.usda.gov/cnpp,,
Center for Parent Information and Resources (CPIR),https://www.parentcenterhub.org/,,https://www.linkedin.com/shareArticle?mini=true&url=https%3A%2F%2Fwww.facebook.com%2F34938844586%2Fposts%2F1044777954346700&title=%09%09%09%23MilestoneMonday....%20Play%20is%20serious%20work%21%20How%20your%20child%20plays%20can%20offer%20important%20clues%20about%20their%20development.Encourage%20your%2018-month-old%E2%80%99s%20imagination%20by%20handing%20them%20a%20spoon%20and%20taking%20turns%20%E2%80%9Cfeeding%E2%80%9D%20their%20stuffed%20animals.%20Simple%20pretend%20play%20like%20this%20builds%20important%20skills%21Need%20more%20milestone-based%20activity%20ideas%3F%20Download%20the%20FREE%20CDC%20Milestones%20Tracker%20App%20to%20stay%20on%20top%20of%20your%20child%E2%80%99s%20growth%3A%20www.cdc.gov%2FMilestones%23ActEarly%20%23MilestonesMatter%20%23BeInformed%20%23ChildDevelopment%20%23Resources%09%09%09%09
Centers for Disease Control and Prevention (CDC),https://www.cdc.gov/,,https://www.cdc.gov/rss
Centers for Medicare and Medicaid Services (CMS),https://www.cms.gov/,,https://www.cms.gov/Outreach-and-Education/Outreach/CMSFeeds/index
Central Command (CENTCOM),https://www.centcom.mil/,,
Central Intelligence Agency (CIA),https://www.cia.gov/,,
Chemical Safety Board (CSB),https://www.csb.gov/,,
Chief Acquisition Officers Council (CAOC),https://www.acquisition.gov/cao-home,,
Chief Financial Officers Council (CFO),https://www.cfo.gov,,
Chief Human Capital Officers (CHCO) Council,https://www.chcoc.gov/,,
Chief Information Officers Council,https://www.cio.gov/,,
"Child Support Enforcement, Office of (OCSS)",https://www.acf.hhs.gov/css,,
Circuit Courts of Appeal,http://www.uscourts.gov/about-federal-courts,,
Citizens' Stamp Advisory Committee (CSAC),https://about.usps.com/who-we-are/csac/welcome.htm,,
Citizenship and Immigration Services (USCIS),http://www.uscis.gov,,
"Civil Rights Division, Department of Justice",https://www.justice.gov/crt,,
"Civil Rights, Department of Education Office of (OCR)",http://www.ed.gov/ocr,,
"Civil Rights, Department of Health and Human Services Office for",https://www.hhs.gov/ocr/index.html,,
Coast Guard (USCG),https://www.uscg.mil/,https://www.uscg.mil/Mariners/National-Pollution-Funds-Center/NRD/NRD_DOCS/,
Commerce Department (DOC),https://www.commerce.gov/,https://www.commerce.gov/api,https://www.commerce.gov/rss.xml
Commission of Fine Arts,http://www.cfa.gov/,,
Commission on Civil Rights (USCCR),http://www.usccr.gov,,
Commission on International Religious Freedom (USCIRF),http://www.uscirf.gov/,,
Commission on Presidential Scholars,http://www.ed.gov/programs/psp/commission.html?exp=0,,
Commission on Security and Cooperation in Europe (Helsinki Commission),https://www.csce.gov,,
Committee on Foreign Investment in the United States (CFIUS),https://home.treasury.gov/policy-issues/international/the-committee-on-foreign-investment-in-the-united-states-cfius,,https://www.treasury.gov/pages/tgovproblemsfeedbackform.aspx
Commodity Futures Trading Commission (CFTC),https://www.cftc.gov/,,
Community Oriented Policing Services (COPS),https://cops.usdoj.gov/,,
Community Planning and Development (CPD),https://www.hud.gov/program_offices/comm_planning,,
"Comptroller of the Currency, Office of (OCC)",http://www.occ.gov/,,
CongressâU.S. House of Representatives,http://www.house.gov/,https://www.visitthecapitol.gov/,
CongressâU.S. Senate,https://www.senate.gov/,"https://www.senate.gov/developers, https://www.visitthecapitol.gov/, https://www.senate.gov/api, https://www.senate.gov/documentation",
Congressional Budget Office (CBO),https://www.cbo.gov/,,
Congressional Research Service (CRS),https://www.loc.gov/crsinfo/about/,,
"Congressional Workplace Rights, Office of (OCWR)",https://www.ocwr.gov/,,
Consumer Product Safety Commission (CPSC),https://www.cpsc.gov/,,
Coordinating Council on Juvenile Justice and Delinquency Prevention,https://juvenilecouncil.ojp.gov/,,
Copyright Office,https://www.copyright.gov/,,
Council of Economic Advisers (CEA),https://www.whitehouse.gov/cea,,
Council of the Inspectors General on Integrity and Efficiency (CIGIE),http://www.ignet.gov,,
Council on Environmental Quality (CEQ),https://www.whitehouse.gov/ceq/,,
Court of Appeals for the Armed Forces,https://www.armfor.uscourts.gov/newcaaf/home.htm,,
Court of Appeals for the Federal Circuit,https://cafc.uscourts.gov/,,
Court of Appeals for Veterans Claims,http://www.uscourts.cavc.gov,,
Court of Federal Claims,http://www.uscfc.uscourts.gov/,,
Court of International Trade,http://www.cit.uscourts.gov/,,
Court Services and Offender Supervision Agency for the District of Columbia (CSOSA),https://www.csosa.gov,,
Customs and Border Protection (CBP),https://www.cbp.gov/,,
Cyber Command,https://www.cybercom.mil/,,
Cybersecurity and Infrastructure Security Agency (CISA),https://www.cisa.gov,,
Debt and Claims Management Center,https://www.dfas.mil/debtandclaims.html,,
Defense Advanced Research Projects Agency (DARPA),https://www.darpa.mil/,,https://www.darpa.mil/rss.xml
Defense Commissary Agency,https://www.commissaries.com/,,
Defense Contract Audit Agency (DCAA),https://www.dcaa.mil,,
Defense Contract Management Agency (DCMA),https://www.dcma.mil/,,
Defense Counterintelligence and Security Agency (DCSA),https://www.dcsa.mil/,,
Defense Department (DOD),https://www.defense.gov/,,
Defense Finance and Accounting Service (DFAS),https://www.dfas.mil,,
Defense Health Agency (DHA),https://www.health.mil/dha,,
Defense Information Systems Agency (DISA),http://www.disa.mil/,,
Defense Intelligence Agency (DIA),https://www.dia.mil/,,
Defense Logistics Agency (DLA),https://www.dla.mil/,,
Defense Nuclear Facilities Safety Board (DNFSB),https://www.dnfsb.gov/,,
Defense POW/MIA Accounting Agency (DPAA),https://www.dpaa.mil/,,
Defense Security Cooperation Agency (DSCA),https://www.dsca.mil/,,
Defense Technical Information Center (DTIC),https://discover.dtic.mil/,,
Defense Threat Reduction Agency (DTRA),https://www.dtra.mil,,
Delaware River Basin Commission (DRBC),http://www.state.nj.us/drbc/,,
Delta Regional Authority (DRA),https://dra.gov/,,
Denali Commission,https://www.denali.gov/,,
Department of Education (ED),https://www.ed.gov/,,
Department of Energy (DOE),https://www.energy.gov/,"https://www.energy.gov/developers, https://www.energy.gov/api",
Department of Energyâs Office of Science,https://www.energy.gov/science/office-science,,
Department of Health and Human Services (HHS),https://www.hhs.gov/,,
Department of Homeland Security (DHS),https://www.dhs.gov/,,
Department of Housing and Urban Development (HUD),https://www.hud.gov/,,
Department of Justice (DOJ),https://www.justice.gov/,https://www.justice.gov/developers,
Department of Labor (DOL),https://www.dol.gov/,https://www.dol.gov/developers,
Department of State (DOS),https://www.state.gov/,,
Department of the Interior (DOI),https://www.doi.gov/,,
Department of the Treasury,https://home.treasury.gov/,,https://www.treasury.gov/pages/tgovproblemsfeedbackform.aspx
Department of Transportation (DOT),https://www.transportation.gov,,
Department of Veterans Affairs (VA),https://www.va.gov/,,
"Director of National Intelligence, Office of (ODNI)",https://www.dni.gov/,,
"Disability Employment Policy, Office of (ODEP)",https://www.dol.gov/agencies/odep,,
Drug Enforcement Administration (DEA),https://www.dea.gov/,,
Economic Development Administration (EDA),https://www.eda.gov/,,
"Economic Growth, Energy, and the Environment",https://www.state.gov/bureaus-offices/under-secretary-for-economic-growth-energy-and-the-environment/,,
Economic Research Service (ERS),https://www.ers.usda.gov/,"https://www.ers.usda.gov/developers, https://www.ers.usda.gov/api",
Elder Justice Initiative (EJI),https://www.justice.gov/elderjustice,,
Election Assistance Commission (EAC),http://www.eac.gov/,,
"Elementary and Secondary Education, Office of (OESE)",https://oese.ed.gov/,,
Employee Benefits Security Administration (EBSA),https://www.dol.gov/agencies/ebsa,,
Employment and Training Administration (ETA),https://www.doleta.gov/,"https://www.doleta.gov/documentation, https://www.doleta.gov/api, https://www.doleta.gov/developers",
Energy Information Administration (EIA),https://www.eia.gov/,https://www.eia.gov/developers,
"Environmental Management, Office of",https://www.energy.gov/em/office-environmental-management,,
Environmental Protection Agency (EPA),https://www.epa.gov/,https://www.epa.gov/developers,
Equal Employment Opportunity Commission (EEOC),https://www.eeoc.gov/,,https://www.eeoc.gov/rss/newsroom
European Command (USEUCOM),https://www.eucom.mil,"https://www.eucom.mil/developers, https://www.eucom.mil/api, https://www.eucom.mil/documentation",
Executive Office for Immigration Review (EOIR),https://www.justice.gov/eoir,,
Export-Import Bank of the United States (EXIM),https://www.exim.gov,,
Fair Housing and Equal Opportunity (FHEO),https://www.hud.gov/program_offices/fair_housing_equal_opp,,
Fannie Mae,https://www.fanniemae.com/,,
Farm Credit Administration (FCA),https://www.fca.gov/,,
Farm Credit System Insurance Corporation (FCSIC),https://www.fcsic.gov/,,
Farm Service Agency (FSA),https://www.fsa.usda.gov/,,
Federal Accounting Standards Advisory Board (FASAB),http://www.fasab.gov/,,
Federal Aviation Administration (FAA),https://www.faa.gov/,https://www.faa.gov/aircraft/draft_docs/,
Federal Bureau of Investigation (FBI),https://www.fbi.gov,,
Federal Committee on Statistical Methodology (FCSM),https://www.fcsm.gov/,,
Federal Communications Commission (FCC),https://www.fcc.gov/,"https://www.fcc.gov/developers, https://www.fcc.gov/api, https://www.fcc.gov/documentation",
Federal Consulting Group (FCG),https://www.doi.gov/node/43636/,,
Federal Deposit Insurance Corporation (FDIC),https://www.fdic.gov/,,
Federal Election Commission (FEC),https://www.fec.gov/,,
Federal Emergency Management Agency (FEMA),https://www.fema.gov/,,
Federal Energy Regulatory Commission (FERC),https://www.ferc.gov/,,
Federal Executive Boards (FEBs),https://www.feb.gov/,,
Federal Financial Institutions Examination Council (FFIEC),http://www.ffiec.gov/,,
Federal Financing Bank (FFB),http://www.treas.gov/ffb/,,
Federal Geographic Data Committee (FGDC),http://www.fgdc.gov/,,
Federal Highway Administration (FHWA),https://highways.dot.gov/,,
Federal Housing Administration (FHA),https://www.hud.gov/federal_housing_administration,,
Federal Housing Finance Agency (FHFA),https://www.fhfa.gov/,,
Federal Judicial Center,https://www.fjc.gov/,,
Federal Labor Relations Authority (FLRA),http://www.flra.gov,,
Federal Laboratory Consortium for Technology Transfer (FLC),https://federallabs.org/,,
Federal Law Enforcement Training Centers (FLETC),https://www.fletc.gov/,,
Federal Library and Information Network (FEDLINK),https://www.loc.gov/flicc/,,
Federal Maritime Commission (FMC),https://www.fmc.gov/,https://www.fmc.gov/documentation,
Federal Mediation and Conciliation Service (FMCS),http://www.fmcs.gov/,,
Federal Mine Safety and Health Review Commission,https://www.fmshrc.gov/,,
Federal Motor Carrier Safety Administration (FMCSA),https://www.fmcsa.dot.gov/,,
Federal Protective Service (FPS),https://www.dhs.gov/topic/federal-protective-service,,
Federal Railroad Administration (FRA),https://railroads.dot.gov/,,
Federal Register (OFR),https://www.archives.gov/federal-register,,
Federal Reserve System,https://www.federalreserve.gov/,https://www.federalreserve.gov/foia/capital-one-discover-application-materials.htm,
Federal Retirement Thrift Investment Board (FRTIB),https://www.frtib.gov/,,
Federal Student Aid Information Center,https://studentaid.gov/,,
Federal Trade Commission (FTC),https://www.ftc.gov/,"https://www.ftc.gov/api, https://www.ftc.gov/developers",
Federal Transit Administration (FTA),https://www.transit.dot.gov/,,
Federal Voting Assistance Program,https://www.fvap.gov/,,
Fire Administration (USFA),https://www.usfa.fema.gov/,,
Fish and Wildlife Service (FWS),https://www.fws.gov/,,
Fleet Forces Command (USFFC),https://www.usff.navy.mil/,,
"Food and Agriculture, National Institute of (NIFA)",http://www.nifa.usda.gov,,
Food and Drug Administration (FDA),https://www.fda.gov/,,
Food and Nutrition Service (FNS),https://www.fns.usda.gov/,,
Food Safety and Inspection Service (FSIS),https://www.fsis.usda.gov/,https://www.fsis.usda.gov/api,
Foreign Agricultural Service (FAS),https://www.fas.usda.gov/,,
Foreign Claims Settlement Commission (FCSC),https://www.justice.gov/fcsc,,
Forest Service,https://www.fs.usda.gov/,,
Fossil Energy (FECM),https://www.energy.gov/fe/office-fossil-energy,,
Freddie Mac,http://www.freddiemac.com,,
Fulbright Program,https://eca.state.gov/fulbright,,https://www.facebook.com/dialog/feed?app_id=116864361709382&link=https://eca.state.gov/?utm_source=ECA_PASC&utm_campaign=Creative_Campaign_2017&utm_medium=Web_Static_Banner&picture=https://eca.state.gov/files/bureau/eca_shareables/alabama_33183461981_o.png&name=Alabama&caption=Bureau
General Services Administration (GSA),https://www.gsa.gov/,,
Geological Survey (USGS),https://www.usgs.gov/,,
Ginnie Mae,https://www.ginniemae.gov/pages/default.aspx,"https://www.ginniemae.gov/pages/default.aspx/developers, https://www.ginniemae.gov/pages/default.aspx/documentation, https://www.ginniemae.gov/pages/default.aspx/api",
Government Accountability Office (GAO),https://www.gao.gov/,,
"Government Ethics, Office of (OGE)",https://www.oge.gov/,https://www.oge.gov/api,
Government Publishing Office (GPO),https://www.gpo.gov/,https://www.gpo.gov/docs/default-source/mission-vision-and-goals-pdfs/gpo_strategicplan_fy23-27.pdf,
Harry S. Truman Scholarship Foundation,http://www.truman.gov/,,
Health Resources and Services Administration (HRSA),https://www.hrsa.gov/,,
Holocaust Memorial Museum,https://www.ushmm.org/,,
Hour and Wage Division (WHD),https://www.dol.gov/agencies/whd,,
House Office of Inspector General (OIG),https://www.house.gov/the-house-explained/officers-and-organizations/inspector-general,,
House Office of the Clerk,https://clerk.house.gov/,,
Housing Office,https://www.hud.gov/program_offices/housing,,
Immigrant and Employee Rights Section (IER),https://www.justice.gov/crt/immigrant-and-employee-rights-section,,
Immigration and Customs Enforcement (ICE),https://www.ice.gov/,,
Indian Arts and Crafts Board (IACB),https://www.doi.gov/iacb/,,
Indian Health Service (IHS),http://www.ihs.gov/,,
Indo-Pacific Command (USINDOPACOM),https://www.pacom.mil/,,
Indoor Air Quality (IAQ),https://www.epa.gov/indoor-air-quality-iaq,,
Institute of Education Sciences (IES),http://www.ed.gov/about/offices/list/ies/index.html,,
Institute of Museum and Library Services (IMLS),https://www.imls.gov/,,
Inter-American Foundation (IAF),https://www.iaf.gov/,,
Interagency Alternative Dispute Resolution Working Group,https://adr.gov/,,
Interagency Committee for the Management of Noxious and Exotic Weeds,https://www.invasivespeciesinfo.gov/ficmnew,https://www.ars.usda.gov/docs/quality-of-information/,https://www.invasivespeciesinfo.gov/whats-new/rss
Internal Revenue Service (IRS),https://www.irs.gov,,
International Development Finance Corporation (DFC),https://www.dfc.gov,,
International Trade Administration (ITA),https://www.trade.gov/,,
International Trade Commission (USITC),https://www.usitc.gov/,,
Interpol,https://www.justice.gov/interpol-washington,,
James Madison Memorial Fellowship Foundation,https://www.jamesmadison.gov/,,
Japan-United States Friendship Commission (JUSFC),https://www.jusfc.gov/,"https://www.jusfc.gov/documentation, https://www.jusfc.gov/developers",
Job Corps,https://www.jobcorps.gov,,
John F. Kennedy Center for the Performing Arts,https://www.kennedy-center.org/,,
Joint Board for the Enrollment of Actuaries,https://www.irs.gov/tax-professionals/enrolled-actuaries/information-about-the-joint-board,,
Joint Chiefs of Staff,https://www.jcs.mil/,https://www.defense.gov/News/News-Stories/Article/Article/3931515/us-allies-focus-on-partnerships-in-iceland-amid-rapid-change-in-region/,
Joint Congressional Committee on Inaugural Ceremonies (JCCIC),https://www.inaugural.senate.gov/,,
Joint Fire Science Program (JFSP),https://www.firescience.gov/,,
Joint Forces Staff College (JFSC),https://jfsc.ndu.edu/,,
"Joint Program Executive Office for Chemical, Biological, Radiological and Nuclear Defense (JPEO-CBRND)",https://www.jpeocbrnd.osd.mil/,,
Judicial Panel on Multidistrict Litigation (JPML),http://www.jpml.uscourts.gov,,
"Justice Programs, Office of (OJP)",https://ojp.gov/,,
"Juvenile Justice and Delinquency Prevention, Office of (OJJDP)",http://www.ojjdp.gov/index.html,,
Legal Services Corporation,https://www.lsc.gov/,https://www.lsc.gov/api,
Library of Congress,https://www.loc.gov/,https://www.loc.gov/api,
"Manufactured Housing Programs, Office of (OMHP)",https://www.hud.gov/program_offices/housing/mhs,,
Marine Corps,https://www.marines.mil/,,
Marine Mammal Commission,http://www.mmc.gov/,,
Maritime Administration (MARAD),https://www.maritime.dot.gov/,,
Marshals Service (USMS),http://www.usdoj.gov/marshals/,,
Medicaid and CHIP Payment and Access Commission (MACPAC),https://www.macpac.gov/,,
Medicare Payment Advisory Commission (MedPAC),http://www.medpac.gov/,https://www.medpac.gov/document/medpac-comment-on-cmss-advance-notice-of-methodological-changes-for-cy-2026-for-medicare-advantage-capitation-rates-and-part-c-and-d-payment-policies/,
Merit Systems Protection Board (MSPB),https://www.mspb.gov/,"https://www.mspb.gov/api, https://www.mspb.gov/developers, https://www.mspb.gov/documentation",
Migratory Bird Conservation Commission,https://www.fws.gov/program/land-acquisition-and-realty/migratory-bird-conservation-commission,,
Military Postal Service Agency (MPSA),https://www.hrc.army.mil/content/Military%20Postal%20Service%20Agency%20(MPSA),,
Millennium Challenge Corporation (MCC),https://www.mcc.gov/,,
Mine Safety and Health Administration (MSHA),https://www.msha.gov/,,
Minority Business Development Agency (MBDA),https://www.mbda.gov/,,https://www.mbda.gov/rss.xml
"Minority Health, Office of (OMH)",https://minorityhealth.hhs.gov/,,
Mint,https://www.usmint.gov,,
Missile Defense Agency (MDA),https://www.mda.mil/,,
Mississippi River Commission (MRC),https://www.mvd.usace.army.mil/About/Mississippi-River-Commission-MRC/,"https://www.mvd.usace.army.mil/About/Mississippi-River-Commission-MRC/developers, https://www.mvd.usace.army.mil/About/Mississippi-River-Commission-MRC/documentation",https://www.mvd.usace.army.mil/Contact/RSS/
National Aeronautics and Space Administration (NASA),https://www.nasa.gov/,https://www.nasa.gov/api,
National Agricultural Statistics Service (NASS),https://www.nass.usda.gov,https://www.ocio.usda.gov/sites/default/files/docs/2012/DR%204300-010%20Civil%20Rights%20Accountability%20and%20Procedures-Final_20170103.pdf,
National Cancer Institute (NCI),https://www.cancer.gov/,,
National Capital Planning Commission (NCPC),http://www.ncpc.gov/,,
National Cemetery Administration (NCA),http://www.cem.va.gov/,https://www.va.gov/op3/docs/StrategicPlanning/VA2014-2020strategicPlan.pdf,
National Center for Complementary and Integrative Health (NCCIH),https://www.nccih.nih.gov/,,
National Constitution Center,https://constitutioncenter.org/,,
National Council on Disability (NCD),https://ncd.gov/,,
National Credit Union Administration (NCUA),https://www.ncua.gov/,,
National Defense University (NDU),http://www.ndu.edu/,,
National Endowment for the Arts (NEA),https://www.arts.gov/,,
National Endowment for the Humanities (NEH),http://www.neh.gov,,
National Flood Insurance Program (NFIP),https://www.floodsmart.gov/,,
National Gallery of Art,http://www.nga.gov/,,
National Geospatial-Intelligence Agency (NGA),http://www.nga.mil/,,
National Guard,https://www.nationalguard.mil/,,https://www.nationalguard.mil/News/RSS-Feeds/
National Health Information Center (NHIC),https://health.gov/our-work/health-literacy/resources/national-health-information-center,,
"National Heart, Lung, and Blood Institute (NHLBI)",https://www.nhlbi.nih.gov/,,
National Highway Traffic Safety Administration (NHTSA),https://www.nhtsa.gov,,
National Indian Gaming Commission,https://www.nigc.gov/,,
National Institute for Occupational Safety and Health (NIOSH),https://www.cdc.gov/niosh/,,https://www.cdc.gov/rss
National Institute of Allergy and Infectious Diseases (NIAID),http://www.niaid.nih.gov,,
National Institute of Corrections (NIC),https://nicic.gov/,,
National Institute of Deafness and Other Communication Disorders (NIDCD),https://www.nidcd.nih.gov/,,
National Institute of Diabetes and Digestive and Kidney Diseases (NIDDK),https://www.niddk.nih.gov/,,
National Institute of Justice (NIJ),https://nij.ojp.gov/,,
National Institute of Mental Health (NIMH),https://www.nimh.nih.gov/,,
National Institute of Neurological Disorders and Stroke (NINDS),https://www.ninds.nih.gov/,,https://www.linkedin.com/company/national-institute-of-neurological-disorders-and-stroke-ninds/posts/?feedView=all
National Institute of Standards and Technology (NIST),https://www.nist.gov/,,https://www.nist.gov/news-events/nist-rss-feeds
National Institutes of Health (NIH),https://www.nih.gov/,,
National Interagency Fire Center (NIFC),https://www.nifc.gov/,,
National Invasive Species Information Center (NISIC),https://www.invasivespeciesinfo.gov/,https://www.ars.usda.gov/docs/quality-of-information/,https://www.invasivespeciesinfo.gov/whats-new/rss
National Labor Relations Board (NLRB),https://www.nlrb.gov/,,
National Laboratories,https://www.energy.gov/national-laboratories,,
National Library of Medicine,https://www.nlm.nih.gov/,,
National Marine Fisheries Service,https://www.nmfs.noaa.gov/,,
National Mediation Board (NMB),https://nmb.gov/NMB_Application/,,
National Nuclear Security Administration (NNSA),https://www.energy.gov/nnsa/national-nuclear-security-administration,,https://www.linkedin.com/company/national-nuclear-security-administration/posts/?feedView=articles
National Ocean Service,https://oceanservice.noaa.gov/,,
National Oceanic and Atmospheric Administration (NOAA),https://www.noaa.gov/,,
National Park Foundation (NPF),http://www.nationalparks.org/,,
National Park Service (NPS),https://www.nps.gov/index.htm,,
National Pesticide Information Center (NPIC),http://npic.orst.edu,,
National Prevention Information Network (NPIN),https://npin.cdc.gov/,,
National Reconnaissance Office (NRO),https://www.nro.gov/,,
National Science Foundation (NSF),http://www.nsf.gov/,,
National Security Agency (NSA),http://www.nsa.gov/,,
National Security Council (NSC),https://www.whitehouse.gov/nsc/,,
National Technical Information Service (NTIS),https://www.ntis.gov/,,
National Telecommunications and Information Administration (NTIA),http://www.ntia.doc.gov/,,
National Transportation Safety Board (NTSB),https://www.ntsb.gov/Pages/default.aspx,"https://www.ntsb.gov/Pages/default.aspx/documentation, https://www.ntsb.gov/Pages/default.aspx/api, https://www.ntsb.gov/Pages/default.aspx/developers",
National Weather Service,http://www.nws.noaa.gov/,,
Natural Resources Conservation Service (NRCS),https://www.nrcs.usda.gov/,,
"Natural Resources Revenue, Office of (ONRR)",https://onrr.gov/,,
Navy,https://www.navy.mil/,,https://www.navy.mil/Resources/RSS-Feeds/
Northern Border Regional Commission,https://www.nbrc.gov/,,
Northern Command (USNORTHCOM),https://www.northcom.mil/,,
"Nuclear Energy, Office of",https://www.energy.gov/ne/office-nuclear-energy,,
Nuclear Regulatory Commission (NRC),http://www.nrc.gov/,,
Nuclear Waste Technical Review Board (NWTRB),http://www.nwtrb.gov/,,
Oak Ridge National Laboratory (ORNL),https://www.ornl.gov/,,
Occupational Safety and Health Administration (OSHA),https://www.osha.gov/,,
Occupational Safety and Health Review Commission (OSHRC),http://www.oshrc.gov/index.html,,
Office of Cuba Broadcasting (Radio y TV MartÃ­),https://www.usagm.gov/networks/ocb/,,https://www.radiotelevisionmarti.com/rssfeeds
Office of Energy Efficiency and Renewable Energy (EERE),https://www.energy.gov/eere/office-energy-efficiency-renewable-energy,,
Office of English Language Acquisition,https://www2.ed.gov/about/offices/list/oela/index.html?src=oc,,
Office of Investor Education and Advocacy (OIEA),https://www.investor.gov/,https://www.sec.gov/education/capitalraising,
Office of Lead Hazard Control and Healthy Homes (OLHCHH),https://www.hud.gov/program_offices/healthy_homes,,
Office of Local Defense Community Cooperation,https://oldcc.gov/,,
Office of Management and Budget (OMB),https://www.whitehouse.gov/omb/,,
Office of Multifamily Housing Programs (MFH),https://www.hud.gov/program_offices/housing/mfh,https://www.hud.gov/program_offices/housing/mfh/recapitalization,
Office of National Drug Control Policy (ONDCP),http://www.whitehouse.gov/ondcp,,
Office of Personnel Management (OPM),https://www.opm.gov/,https://www.opm.gov/developers,
Office of Policy Development and Research (PD&R),https://www.huduser.gov/portal/home.html,,
Office of Postsecondary Education (OPE),http://www2.ed.gov/about/offices/list/ope/index.html,,
Office of Refugee Resettlement (ORR),https://www.acf.hhs.gov/orr,,
Office of Science and Technology Policy (OSTP),https://www.whitehouse.gov/ostp/,,
Office of Scientific and Technical Information (OSTI),http://www.osti.gov/,,
Office of Servicemember Affairs,https://www.consumerfinance.gov/consumer-tools/educator-tools/servicemembers/,https://www.youtube.com/embed/OyLKd0Dnb6E?enablejsapi=1&origin=https://www.consumerfinance.gov,
Office of Special Counsel (OSC),https://osc.gov/,,
Office of Special Education and Rehabilitative Services (OSERS),http://www.ed.gov/about/offices/list/osers/index.html,,
"Office of Surface Mining, Reclamation and Enforcement (OSMRE)",http://www.osmre.gov/,,
Office of Textiles and Apparel (OTEXA),https://trade.gov/otexa,,
Office of the Assistant Secretary for Research and Technology,https://www.transportation.gov/mission/administrations/administration,,
Office of the Pardon Attorney,https://www.justice.gov/pardon,https://www.whitehouse.gov/presidential-actions/2025/01/granting-pardons-and-commutation-of-sentences-for-certain-offenses-relating-to-the-events-at-or-near-the-united-states-capitol-on-january-6-2021/,
Office of Weights and Measures (OWM),https://www.nist.gov/pml/weights-and-measures,,https://www.nist.gov/news-events/nist-rss-feeds
Office on Violence Against Women (OVW),https://www.justice.gov/ovw,,
Open World Leadership Center,https://www.openworld.gov/,,
Parole Commission,https://www.justice.gov/uspc,,
Patent and Trademark Office (USPTO),https://www.uspto.gov/,,
Peace Corps,https://www.peacecorps.gov/,,
Pension Benefit Guaranty Corporation (PBGC),https://www.pbgc.gov/,,
Pentagon Force Protection Agency (PFPA),https://www.pfpa.mil/,,
Pipeline and Hazardous Materials Safety Administration (PHMSA),http://www.phmsa.dot.gov/,,
Postal Inspection Service,https://postalinspectors.uspis.gov/,,
Postal Regulatory Commission,http://www.prc.gov,,
Postal Service (USPS),https://www.usps.com/,"https://www.usps.com/developers, https://www.usps.com/business/web-tools-apis/",
"President's Council on Fitness, Sports and Nutrition (PCSFN)",https://health.gov/our-work/nutrition-physical-activity/presidents-council,,
Presidio Trust,http://www.presidio.gov,,
Pretrial Services Agency for the District of Columbia,https://www.psa.gov/,,
Privacy and Civil Liberties Oversight Board (PCLOB),https://www.pclob.gov/,,
Public and Indian Housing (PIH),https://www.hud.gov/program_offices/public_indian_housing,,
Radio Free Asia (RFA),http://www.rfa.org/,,
Radio Free Europe and Radio Liberty (RFE/RL),http://www.rferl.org/,,
Railroad Retirement Board (RRB),https://rrb.gov/,,
Rehabilitation Services Administration (RSA),https://rsa.ed.gov/,,
Risk Management Agency (RMA),http://www.rma.usda.gov/,,https://www.usda.gov/about-usda/policies-and-links/digital/rss-feeds
Rural Business-Cooperative Service,https://www.rd.usda.gov/about-rd/agencies/rural-business-cooperative-service,,
Rural Development,https://www.rd.usda.gov/,,
Rural Housing Service,https://www.rd.usda.gov/about-rd/agencies/rural-housing-service,,
Rural Utilities Service (RUS),https://www.rd.usda.gov/about-rd/agencies/rural-utilities-service,,
Saint Lawrence Seaway Development Corporation (GLS),http://www.seaway.dot.gov/,,
Secret Service,https://www.secretservice.gov/,,
Securities and Exchange Commission (SEC),https://www.sec.gov/,https://www.sec.gov/developer,
Selective Service System (SSS),https://www.sss.gov/,,
Sentencing Commission,https://www.ussc.gov/,,
Small Business Administration (SBA),http://www.sba.gov/,,
Smithsonian Institution,http://www.si.edu/,,
Social Security Administration (SSA),http://www.ssa.gov/,,
Social Security Advisory Board (SSAB),https://www.ssab.gov/,,
Southeastern Power Administration,https://www.energy.gov/sepa/southeastern-power-administration,,
Southern Command (SOUTHCOM),http://www.southcom.mil,,
Southwestern Power Administration,https://www.energy.gov/swpa/southwestern-power-administration,,
Space Command,https://www.spacecom.mil/,,
Special Operations Command,https://www.socom.mil/,,
State Justice Institute (SJI),https://www.sji.gov/,,
Stennis Center for Public Service,http://www.stennis.gov/,,
Strategic Command (USSTRATCOM),http://www.stratcom.mil,,
Substance Abuse and Mental Health Services Administration (SAMHSA),https://www.samhsa.gov/,,
Supreme Court of the United States,http://www.supremecourtus.gov/,,
Surface Transportation Board (STB),https://www.stb.gov/,,
Susquehanna River Basin Commission (SRBC),http://www.srbc.net/,,
Tax Court,http://www.ustaxcourt.gov/,,
Tennessee Valley Authority,https://www.tva.com/,,
Trade and Development Agency (USTDA),http://www.ustda.gov/,https://www.ustda.gov/ustda-developer-application-programming-interfaces-apis/,
Trade Representative,http://www.ustr.gov/,,
Transportation Security Administration (TSA),https://www.tsa.gov,,
Trustee Program,https://www.justice.gov/ust,,
"U.S. Military Academy, West Point",https://www.westpoint.edu/,,
U.S. Mission to the United Nations (USUN),https://usun.usmission.gov/,,
U.S. Transportation Command (USTRANSCOM),https://www.ustranscom.mil/,,
Udall Foundation,http://www.udall.gov/,,
Under Secretary for Political Affairs,http://www.state.gov/p/,,
Under Secretary for Public Diplomacy and Public Affairs,https://www.state.gov/bureaus-offices/under-secretary-for-public-diplomacy-and-public-affairs/,,
Unified Combatant Commands,https://www.defense.gov/About/Combatant-Commands/,"https://www.defense.gov/About/Combatant-Commands/developers, https://www.defense.gov/About/Combatant-Commands/documentation, https://www.defense.gov/About/Combatant-Commands/api",
Uniformed Services University of the Health Sciences (USU),https://www.usuhs.edu/,,
United States Institute of Peace (USIP),http://www.usip.org/,,
United States Interagency Council on Homelessness (USICH),https://www.usich.gov/,,
Veterans Benefits Administration (VBA),http://www.benefits.va.gov/,,
Veterans Health Administration (VHA),http://www.va.gov/health,"https://www.va.gov/health/docs/vha-annual-report-2024.pdf, https://www.va.gov/op3/docs/StrategicPlanning/VA2014-2020strategicPlan.pdf, https://www.publichealth.va.gov/docs/flu_selfassess_flowchart.pdf",
Veterans' Employment and Training Service (VETS),https://www.dol.gov/agencies/vets,,
Voice of America (VOA),https://www.insidevoa.com,,
Washington Headquarters Services (WHS),https://www.whs.mil/,,
Western Area Power Administration (WAPA),https://www.wapa.gov,,
White House,http://www.whitehouse.gov/,,
Wireless Telecommunications Bureau (WTB),https://www.fcc.gov/wireless-telecommunications,"https://www.fcc.gov/wireless-telecommunications/api, https://www.fcc.gov/wireless-telecommunications/developers, https://www.fcc.gov/wireless-telecommunications/documentation",
Women's Bureau,https://www.dol.gov/agencies/wb,,
Woodrow Wilson International Center for Scholars,http://www.wilsoncenter.org,,
